MODEL,Accuracy,Precision,Recall,F1_Score,ROC_AUC
Decision Tree,0.89,0.7777777777777778,0.9032258064516129,0.835820895522388,0.893641888733053
Random Forest,0.92,0.8285714285714286,0.9354838709677419,0.8787878787878788,0.9242636746143058
XG Boost,0.91,0.8235294117647058,0.9032258064516129,0.8615384615384616,0.9081346423562413
SVM,0.94,0.8571428571428571,0.967741935483871,0.909090909090909,0.9476390836839645
Logistic Regression,0.9,0.8387096774193549,0.8387096774193549,0.8387096774193549,0.8831229546517065
